"","Country","FAO_CropName","servingSize_kg","Population","Amount_kg","source","FAO_CropID","GENuS_FoodName","GENuS_FoodID","Calories","Protein","Fat","Carbohydrates","Vitamin.C","Vitamin.A","Folate","Calcium","Iron","Zinc","Potassium","Dietary.Fiber","Copper","Sodium","Phosphorus","Thiamin","Riboflavin","Niacin","B6","Choline","Magnesium","Manganese","Saturated.FA","Monounsaturated.FA","Polyunsaturated.FA","Omega.3..USDA.only.","B12..USDA.only.","Water.moisture","Ash","Refuse"
"1","Morocco","Alfalfa meal and pellets",0.0651708222811671,36029093,24243000,"Import_kg",862,"Mixed grain",12,359.54,11802.41,2560.54,76089.21,0,0,0,25.39,3.44,2.69,355.84,10909.83,0.48,5.65,326.32,0.41,0.16,4.44,0.31,33.71,122.38,2.65,453.62,549.76,1076.57,0,0,11.1,1.7,0
"2","Morocco","Almonds shelled",0.0296505238073522,36029093,5090000,"Import_kg",231,"Almonds; with shell",45,283.68,10105.85,24374.22,8603.39,4.96,0,0,115.65,1.49,1.72,375.14,3454.38,0.48,2.3,229.99,0.1,0.37,1.86,0,24.82,153.18,1,1882.52,16092.88,5557.74,0,0,2.37,1.4,30.97
"3","Morocco","Almonds, with shell",0.0296505238073522,36029093,2000,"Import_kg",221,"Almonds; with shell",45,0.11,3.97,9.58,3.38,0,0,0,0,0,0,0.15,1.36,0,0,0,0,0,0,0,0,0,0,0.74,6.32,2.18,0,0,0,0,0
"4","Morocco","Anise, badian, fennel, coriander",0.00195,36029093,8537000,"Import_kg",711,"Anise; badian; fennel; coriander",161,4223.54,192150.17,174136.09,567853.56,126.98,0.29,0.14,9882.2,389.97,56.35,18026.23,290142.43,11.4,899.19,5590.63,3.99,3.67,37.41,6.08,6657.01,3827.61,33.14,10233.7,132289.56,31935.65,0,0,121.05,81.8,0
"5","Morocco","Apples",0.121111111111111,36029093,6438000,"Import_kg",515,"Apples",119,8.28,45.8,43.46,1930.58,2.14,0,0,1.14,0.1,0,15.18,209.02,0,0.86,1.6,0,0,0,0,23.93,0.69,0,5.75,1.25,9.66,0,0,12.47,0,1.48
"6","Morocco","Apricots",0.03995,36029093,7000,"Import_kg",526,"Apricots",125,0,0.49,0.12,5.54,0,0,0,0,0,0,0.14,0.66,0,0,0,0,0,0,0,0,0,0,0,0,0,0,0,0,0,0
"7","Morocco","Apricots, dry",0.03995,36029093,947000,"Import_kg",527,"Apricots",125,3.25,65.79,16.82,748.99,0.44,0,0,1.12,0,0,19.19,89.92,0,0,1.57,0,0,0,0,0.18,0.66,0,1.88,11.18,5.16,0,0,5.63,0,0.56
"8","Morocco","Asparagus",0.0845294117647059,36029093,78000,"Import_kg",367,"Asparagus",80,0,5.52,0.52,7.8,0,0,0,0,0,0,0.56,6.23,0,0,0.21,0,0,0,0,0,0,0,0.12,0,0.18,0,0,0.24,0,0.12
"9","Morocco","Avocados",0.048,36029093,7425000,"Import_kg",572,"Avocados",141,62.54,690.57,6048.36,1863.34,5.49,0,0,8.83,0.41,0.21,218.98,1881.94,0,2.83,72.88,0,0,0.59,0.13,6.1,12.99,0,1026.77,3409.93,714.42,0,0,33.01,0.5,16.31
"10","Morocco","Bananas",0.04075,36029093,21019000,"Import_kg",486,"Bananas",117,144.22,1740.51,332.85,33420.4,15.24,0,0,14.1,1.14,0.24,486.47,2238.55,0.13,9.09,36.31,0,0,1.22,0.5,14.03,40.56,0.39,158.91,37.22,80.89,0,0,104.28,1.19,50.82
"11","Morocco","Barley",0.04775,36029093,382089000,"Import_kg",44,"Barley",3,7643.22,203094.33,30906.2,1655873.24,14.81,0,0.47,1238.18,172.75,56.15,5718.93,183968.29,14.2,475.28,6495.66,5.84,2.87,118.76,6.42,839.52,1724.93,31.57,8062.03,4930.5,18522.68,0,0,260.79,40.69,0
"12","Morocco","Beans, dry",0.1145,36029093,6037000,"Import_kg",176,"Beans",30,48.22,3115.89,200.91,8487.84,0.27,0,0,20.48,1.07,0.43,171.11,1815.01,0.13,2.29,56.6,0,0,0.29,0,16.16,25.3,0.19,45.24,20.09,69.59,0,0,1.72,0.56,0
"13","Morocco","Beans, green",0.0843965476190476,36029093,6000,"Import_kg",414,"Beans; green",92,0,0.9,0.11,1.48,0,0,0,0,0,0,0,0.44,0,0,0,0,0,0,0,0,0,0,0,0,0,0,0,0,0,0
"14","Morocco","Beet pulp",0.125770747489689,36029093,457221000,"Import_kg",169,"Roots and tubers; nes",23,1031.84,19559.52,7732.34,218884.35,146.15,0.29,0.79,336.7,28.81,3.06,4898.72,17949.66,1.28,151.65,672.74,0.74,0.73,12.15,1.66,219.96,433.87,1.81,206.85,42.88,456.57,0,0,728.47,10.47,220.3
"15","Morocco","Bran, maize",0.0538461538461538,36029093,7000,"Import_kg",59,"Corn Flour",223,0.13,3.07,1.18,26.32,0,0,0,0,0,0,0,1.62,0,0,0,0,0,0,0,0,0,0,0.11,0.39,0.64,0,0,0,0,0
"16","Morocco","Bran, wheat",0.0374838709677419,36029093,300326000,"Import_kg",17,"Wheat Flour",222,7683.61,255112.08,33639.21,1582168.12,4.15,0,0.56,889.26,60.54,28.54,3824.93,29205.87,2.18,717.84,4114.4,7.79,2.95,50.91,2.71,231.27,1008.12,18.7,3446.89,1934.7,9184.28,0,0,257.59,21.25,0
"17","Morocco","Brazil nuts, shelled",0.0297575757575758,36029093,12000,"Import_kg",229,"Brazil nuts; with shell",42,0.73,16.84,76.13,11.72,0,0,0,0.18,0,0,0.74,8.39,0,0,0.85,0,0,0,0,0,0.42,0,18.06,26.73,27.31,0,0,0,0,0
"18","Morocco","Broad beans, horse beans, dry",0.052,36029093,862000,"Import_kg",181,"Broad beans; horse beans; dry",32,15.39,1104.13,73.08,2530.46,0.13,0,0,4.56,0.37,0.16,54.9,891.06,0,0.84,17.55,0,0,0.12,0,4.41,8.81,0,11.59,13.87,27.77,0,0,0.48,0.14,1.24
"19","Morocco","Buckwheat",0.0421111111111111,36029093,45000,"Import_kg",89,"Buckwheat",9,0.98,31.55,8.01,204.35,0,0,0,0.12,0,0,1.22,27.58,0,0,1.04,0,0,0,0,0,0.68,0,2.2,3.08,3.08,0,0,0,0,0
"20","Morocco","Cabbages and other brassicas",0.08324,36029093,71000,"Import_kg",358,"Cabbages and other brassicas",78,0,5.38,0.72,10.38,0.15,0,0,0.29,0,0,0.68,5.22,0,0,0.17,0,0,0,0,0,0,0,0,0,0.21,0,0,0.22,0,0
"21","Morocco","Cake, cottonseed",0.014,36029093,50000,"Import_kg",332,"Cottonseed Oil",67,8.89,0,990.93,0.2,0,0,0,0,0,0,0,0,0,0,0,0,0,0,0,0,0,0,254.75,185.12,520.16,0,0,0,0,0
"22","Morocco","Cake, rapeseed",0.0137773983739837,36029093,79767000,"Import_kg",272,"Rape and Mustard Oil",66,14386.81,0,1606721.73,0,0,0,0,36.16,14.86,2.17,0,0,0,28.12,0,0,0,0,0,3.21,0,0,134164.36,950581.32,446046.83,0,0,0.27,0,0
"23","Morocco","Cake, soybeans",0.014,36029093,587359000,"Import_kg",238,"Soyabean Oil",63,104117.57,0,11631736.22,970.38,0,0,0,181.14,33.64,38.04,0,0,0,181.14,4.16,0,0,0,0,23.29,0,0,3081693.71,2723790.52,5274376.86,0,0,1.06,0,0
"24","Morocco","Cake, sunflower",0.0244,36029093,386928000,"Import_kg",269,"Sunflowerseed Oil",65,39377.62,0,4381811.74,0,0,0,0,29.34,15.11,1.61,0,0,0,41.08,0,0,0,0,0,0,0,0,461776.14,1297227.83,2514130.83,0,0,1.89,0,0
"25","Morocco","Carrots and turnips",0.0830718954248366,36029093,19000,"Import_kg",426,"Carrots and turnips",96,0,0.83,0.15,3.72,0,0,0,0,0,0,0.18,1.29,0,0,0,0,0,0,0,0,0,0,0,0,0,0,0,0,0,0
"26","Morocco","Cashew nuts, shelled",0.0289438420348059,36029093,393000,"Import_kg",230,"Cashew nuts; with shell",43,20.51,692.46,1586.09,911.3,0,0,0,1.52,0.23,0.19,24.51,100.25,0,3.48,17.73,0,0,0,0,0,11.41,0,293.31,896.82,295.65,0,0,0.37,0,1.06
"27","Morocco","Cauliflowers and broccoli",0.103835520801038,36029093,5000,"Import_kg",393,"Cauliflowers and broccoli",84,0,0.41,0,0.54,0,0,0,0,0,0,0,0.25,0,0,0,0,0,0,0,0,0,0,0,0,0,0,0,0,0,0
"28","Morocco","Cereal preparations nes",0.0486257263475995,36029093,103000,"Import_kg",113,"Cereals; nes",13,2.05,76.57,27.06,432.07,0,0,0,0.85,0.13,0,2.51,18.56,0,0,2.24,0,0,0,0,0,1.08,0,2.64,3.46,6.3,0,0,0,0,0
"29","Morocco","Cherries, sour",0.028,36029093,8000,"Import_kg",530,"Sour cherries",126,0,0.87,0.21,8.82,0,0,0,0,0,0,0.14,0.95,0,0,0,0,0,0,0,0,0,0,0,0,0,0,0,0,0,0
"30","Morocco","Chestnut",0.059,36029093,121000,"Import_kg",220,"Chestnuts",44,1.49,29.01,16.6,296.39,0.1,0,0,0.21,0,0,3.72,70.01,0,0.11,0.72,0,0,0,0,0,0.42,0,4.76,8.74,10.01,0,0,0.19,0,0.11
"31","Morocco","Chick peas",0.04575,36029093,6270000,"Import_kg",191,"Chick peas",33,133.99,7396.14,1914.8,22182.61,0.8,0,0.14,51.87,2.64,1.31,307.73,2903.6,0.35,7.63,118.07,0.15,0,0.67,0.2,55.78,37.66,4.28,234.51,518.65,1012.01,0,0,3.99,1.13,0
"32","Morocco","Chillies and peppers, dry",4e-04,36029093,266000,"Import_kg",689,"Pimento",156,443.83,18914.78,16474.99,75743.82,139.23,1.25,0.1,382.92,13.47,4.88,3362.92,41012.13,1.22,837.5,343.16,0.52,0.8,10.18,3.18,95.06,283.32,4.02,4891.19,3140.82,11379.54,0,0,51.73,11.04,0
"33","Morocco","Chocolate products nes",0.0115,36029093,14067000,"Import_kg",666,"Cocoa Beans",153,774.08,54783.05,140393.45,196575.27,0,0,0.11,364.16,17.23,23.12,3406.97,125618.05,12.86,28.01,1991.16,0.58,0.67,6.27,0.4,40.74,1694.15,13.03,78146.31,53956.35,2919.77,0,0,13.17,13.51,0
"34","Morocco","Cider etc",0.0683571428571429,36029093,3000,"Import_kg",517,"Fruit juice; nes",149,0,0,0,1.48,0,0,0,0,0,0,0,0,0,0,0,0,0,0,0,0,0,0,0,0,0,0,0,0,0,0
"35","Morocco","Cinnamon (cannella)",0.00115555555555556,36029093,1783000,"Import_kg",693,"cinnamon (canella)",NA,NA,NA,NA,NA,NA,NA,NA,NA,NA,NA,NA,NA,NA,NA,NA,NA,NA,NA,NA,NA,NA,NA,NA,NA,NA,NA,NA,NA,NA,NA
"36","Morocco","Cloves",0.0013,36029093,162000,"Import_kg",698,"Cloves",157,82.89,1495.33,3228.16,15625.45,0,0,0,193.92,2.98,0.8,352.79,7419,0.13,95.81,28.13,0,0,0.27,0.14,12.94,89.58,20.8,1366.9,481.8,1247.22,0,0,11.51,1.46,0
"37","Morocco","Cocoa, beans",0.0115,36029093,3000,"Import_kg",661,"Cocoa Beans",153,0.17,11.68,29.94,41.92,0,0,0,0,0,0,0.73,26.79,0,0,0.42,0,0,0,0,0,0.36,0,16.67,11.51,0.62,0,0,0,0,0
"38","Morocco","Cocoa, butter",0.0115,36029093,540000,"Import_kg",664,"Cocoa Beans",153,29.72,2103,5389.38,7546.08,0,0,0,13.98,0.66,0.89,130.79,4822.19,0.49,1.08,76.44,0,0,0.24,0,1.56,65.03,0.5,2999.86,2071.26,112.08,0,0,0.51,0.52,0
"39","Morocco","Cocoa, paste",0.0115,36029093,1170000,"Import_kg",662,"Cocoa Beans",153,64.38,4556.49,11677,16349.83,0,0,0,30.29,1.43,1.92,283.37,10448.08,1.07,2.33,165.61,0,0,0.52,0,3.39,140.91,1.08,6499.69,4487.73,242.85,0,0,1.1,1.12,0
"40","Morocco","Cocoa, powder & cake",0.0115,36029093,6641000,"Import_kg",665,"Cocoa Beans",153,365.44,25862.96,66279.44,92802.76,0,0,0,171.92,8.13,10.92,1608.42,59304.01,6.07,13.22,940.02,0.27,0.32,2.96,0.19,19.23,799.8,6.15,36892.7,25472.67,1378.42,0,0,6.22,6.38,0
"41","Morocco","Coconuts",0.04,36029093,424000,"Import_kg",249,"Coconuts - Incl Copra",58,9.34,98.71,828.02,370.2,0,0,0,0.55,0,0,9.62,189.93,0,0.62,3.1,0,0,0,0,0.36,0.85,0.11,878.18,78.33,20.09,0,0,1.56,0,1.22
"42","Morocco","Coconuts, desiccated",0.04,36029093,3396000,"Import_kg",250,"Coconuts - Incl Copra",58,74.82,790.6,6632,2965.09,0.57,0,0,4.4,0.68,0.39,77.04,1521.21,0.12,4.99,24.8,0,0,0.16,0,2.85,6.83,0.88,7033.7,627.4,160.94,0,0,12.5,0.24,9.78
"43","Morocco","Coffee, extracts",0.00312,36029093,967000,"Import_kg",659,"Coffee substitutes; cont. coffee",112,309.69,11729.34,2787.17,67459.85,0,0,0,96.03,6.41,0.44,2101.56,20043.54,0.18,71.4,314.98,0.36,0,15.2,0.64,11.53,209.9,0.95,518.72,306.24,1053.79,0,0,5.21,7,0
"44","Morocco","Coffee, green",0.00312,36029093,48278000,"Import_kg",656,"Coffee",152,7957.48,485501.73,640688.39,1554711.88,42.95,0.17,0.74,4425.49,148.39,22.79,95595.13,0,8.87,1527.44,12207.14,6.18,21.46,476.2,1,1849.72,8024.7,16.36,1422.86,10671.47,711.43,0,0,225.58,248.97,0
"45","Morocco","Coffee, roasted",0.00312,36029093,1500000,"Import_kg",657,"Coffee",152,247.24,15084.56,19906.22,48304.98,1.33,0,0,137.5,4.61,0.71,2970.15,0,0.28,47.46,379.28,0.19,0.67,14.8,0,57.47,249.33,0.51,44.21,331.56,22.1,0,0,7.01,7.74,0
"46","Morocco","Dates",0.0393863636363636,36029093,98896000,"Import_kg",577,"Dates",121,1385.47,12248.27,2047.19,355147.64,47.09,0,0.14,289.22,11.52,2.13,4205.88,34427.58,1.6,13.94,560.15,0.48,0.84,11.46,1.24,56.45,281.09,1.94,111.51,125.44,66.21,0,0,263.39,9.34,120.8
"47","Morocco","Figs dried",0.0504615384615385,36029093,387000,"Import_kg",570,"Figs",139,1.15,21.58,4.47,265.38,0.18,0,0,0.99,0,0,4.71,46.83,0,0,0.52,0,0,0,0,0.1,0.36,0,0.99,1.11,2.37,0,0,1.78,0,0.16
"48","Morocco","Flour, cereals",0.057,36029093,41000,"Import_kg",111,"Millet Flour",224,0.72,15.49,6.16,150.31,0,0,0,0.13,0,0,0.45,4.76,0,0,0.46,0,0,0,0,0,0.24,0,1.07,1.84,5.23,0,0,0,0,0
"49","Morocco","Flour, maize",0.0538461538461538,36029093,1514000,"Import_kg",58,"Corn Flour",223,27.75,663.17,256,5692.32,0,0,0,2.19,0.3,0.1,16.61,349.42,0,0.56,15.37,0,0,0.14,0,0,4.49,0,23.04,83.39,138.42,0,0,0.81,0,0
"50","Morocco","Flour, mustard",0.0841,36029093,498000,"Import_kg",295,"Rape and Mustardseed",56,8.62,378.67,626.52,428.06,0,0,0,6.21,0.14,0,12.13,116.69,0,0.21,12.56,0,0,0,0,2.74,6.08,0,32.69,370.09,165.8,0,0,0.11,0,0
"51","Morocco","Flour, potatoes",0.133867924528302,36029093,62000,"Import_kg",117,"Potatoes",18,0.1,2.64,0.17,23.03,0,0,0,0,0,0,0.48,1.73,0,0,0,0,0,0,0,0,0,0,0,0,0,0,0,0,0,0
"52","Morocco","Flour, pulses",0.0619285714285714,36029093,7000,"Import_kg",212,"Flour of pulses",41,0.13,9.26,2.91,12.15,0,0,0,0,0,0,0.45,2.76,0,0,0.13,0,0,0,0,0,0,0,0.36,0.72,1.14,0,0,0,0,0
"53","Morocco","Flour, rice",0.0488821264103023,36029093,4000,"Import_kg",38,"Rice (Milled Equivalent)",2,0,1.69,0.24,17.65,0,0,0,0,0,0,0,0.38,0,0,0,0,0,0,0,0,0,0,0,0,0,0,0,0,0,0
"54","Morocco","Flour, roots and tubers nes",0.0546428571428571,36029093,3000,"Import_kg",150,"Flour of roots and tubers",24,0,0.61,0,12.63,0,0,0,0,0,0,0.1,0.5,0,0,0,0,0,0,0,0,0,0,0,0,0,0,0,0,0,0
"55","Morocco","Flour, wheat",0.0374838709677419,36029093,436000,"Import_kg",16,"Wheat Flour",222,11.15,370.36,48.84,2296.92,0,0,0,1.29,0,0,5.55,42.4,0,1.04,5.97,0,0,0,0,0.34,1.46,0,5,2.81,13.33,0,0,0.37,0,0
"56","Morocco","Fructose and syrup, other",0.0196884037015616,36029093,341000,"Import_kg",166,"Sweeteners; Other",28,14.28,30.7,7.24,3682.46,0,0,0,5.44,0.18,0,14.86,0,0,2.16,3.06,0,0,0,0,0.16,0.97,0,0.21,0.36,0.56,0,0,1.22,0,0
"57","Morocco","Fruit, cooked, homogenized preparations",0.107099201828105,36029093,9000,"Import_kg",626,"Homogenized; cooked fruit prepared",151,0,0,0,3.26,0,0,0,0,0,0,0,0.42,0,0,0,0,0,0,0,0,0,0,0,0,0,0,0,0,0,0
"58","Morocco","Fruit, dried nes",0.107099201828105,36029093,58000,"Import_kg",620,"Fruit dried; nes",148,0.44,4.55,0.97,107.82,0,0,0,0,0,0,1.31,12.81,0,0,0.15,0,0,0,0,0,0,0,0.29,0.24,0.37,0,0,0,0,0
"59","Morocco","Fruit, fresh nes",0.107099201828105,36029093,1803000,"Import_kg",619,"Fresh fruit; nes",147,4.21,71.36,35.59,900.53,1.82,0,0,2.51,0.17,0,13.02,162.27,0,0.52,1.95,0,0,0,0,3.26,1.49,0,5.72,3.94,5.45,0,0,3.54,0,1.3
"60","Morocco","Fruit, prepared nes",0.107099201828105,36029093,7946000,"Import_kg",623,"Fruit; prepared; nes",150,11.37,149.57,49.21,2887.99,2.32,0,0,3.05,0.12,0,37.02,518.82,0,0.95,3.7,0,0,0.11,0,1.08,2.29,0,5.2,7.34,15.68,0,0,17.41,0,0.25
"61","Morocco","Garlic",0.00732,36029093,13147000,"Import_kg",406,"Garlic",90,608.06,25329,1247.78,127349.07,66.23,0,0,256.23,6.93,5.81,2200.86,7913.63,2.41,86.84,1010.98,0.7,0.4,2.67,5.05,115.65,194.41,6.66,446.15,52.34,1193.9,0,0,326.06,7.23,64.8
"62","Morocco","Germ, maize",0.0538461538461538,36029093,1000,"Import_kg",57,"Corn Flour",223,0,0.44,0.17,3.76,0,0,0,0,0,0,0,0.23,0,0,0,0,0,0,0,0,0,0,0,0,0,0,0,0,0,0
"63","Morocco","Ginger",0.02852,36029093,6704000,"Import_kg",720,"Ginger",162,127.01,3184.93,1371.73,26571.45,1.82,0,0,46.4,3.6,1.18,589.14,3851.42,0.36,16.04,57.25,0,0,2.56,0.3,26.88,95.71,21.73,1695.65,312.51,606.1,0,0,30.37,1.45,0
"64","Morocco","Glucose and dextrose",0.0196884037015616,36029093,8956000,"Import_kg",172,"Sweeteners; Other",28,374.98,806.23,190.22,96715.91,1.73,0,0,142.96,4.76,1.72,390.38,0,0,56.67,80.26,0,0.19,1.07,0.11,4.29,25.46,1.6,5.43,9.47,14.77,0,0,31.92,2.57,0
"65","Morocco","Gooseberries",0.1,36029093,2000,"Import_kg",549,"Gooseberries",134,0,0,0,0.73,0,0,0,0,0,0,0,0.2,0,0,0,0,0,0,0,0,0,0,0,0,0,0,0,0,0,0
"66","Morocco","Grapefruit (inc. pomelos)",0.15,36029093,3000,"Import_kg",507,"Grapefruit",115,0,0,0,0.45,0,0,0,0,0,0,0,0,0,0,0,0,0,0,0,0,0,0,0,0,0,0,0,0,0,0
"67","Morocco","Grapes",0.1235,36029093,368000,"Import_kg",560,"Grapes",122,0.51,4.44,1.96,120.8,0,0,0,0.12,0,0,1.5,17.49,0,0,0.17,0,0,0,0,0,0.22,0,0.99,0.11,0.77,0,0,0.69,0,0.12
"68","Morocco","Groundnuts, prepared",0.028,36029093,418000,"Import_kg",246,"Groundnuts (Shelled Eq)",54,22.73,976.35,1819.23,705.51,0,0,0,2.48,0.15,0.12,28.86,344.29,0,0.43,16.19,0,0,0.59,0,5.73,7.77,0,260.17,1012.09,644.64,0,0,0.35,0.11,0
"69","Morocco","Groundnuts, shelled",0.028,36029093,5034000,"Import_kg",243,"Groundnuts (Shelled Eq)",54,273.78,11758.2,21909.13,8496.54,0.71,0,0,29.89,1.76,1.39,347.53,4146.33,0.54,5.12,194.93,0.38,0,7.15,0.27,68.99,93.58,0.73,3133.23,12188.61,7763.47,0,0,4.21,1.36,0
"70","Morocco","Hazelnuts, shelled",0.03,36029093,145000,"Import_kg",233,"Hazelnuts; with shell",49,7.95,209.39,738.84,280.38,0,0,0,2.55,0,0,8.95,102.63,0,0,4.27,0,0,0,0,0.61,2.19,0,50.07,359.87,287.89,0,0,0,0,0.78
"71","Morocco","Hazelnuts, with shell",0.03,36029093,8000,"Import_kg",225,"Hazelnuts; with shell",49,0.44,11.55,40.76,15.47,0,0,0,0.14,0,0,0.49,5.66,0,0,0.24,0,0,0,0,0,0.12,0,2.76,19.86,15.88,0,0,0,0,0
"72","Morocco","Juice, apple, concentrated",0.0683571428571429,36029093,1132000,"Import_kg",519,"Fruit juice; nes",149,2.29,11.42,6.23,559.1,3.45,0,0,0.47,0,0,4.97,13.08,0,0.36,0.38,0,0,0,0,0.13,0.34,0,1.15,1.57,2.85,0,0,4.04,0,0
"73","Morocco","Juice, apple, single strength",0.0683571428571429,36029093,87000,"Import_kg",518,"Fruit juice; nes",149,0.18,0.88,0.48,42.97,0.26,0,0,0,0,0,0.38,1.01,0,0,0,0,0,0,0,0,0,0,0,0.12,0.22,0,0,0.31,0,0
"74","Morocco","Juice, citrus, concentrated",0.0683571428571429,36029093,186000,"Import_kg",514,"Fruit juice; nes",149,0.38,1.88,1.02,91.87,0.57,0,0,0,0,0,0.82,2.15,0,0,0,0,0,0,0,0,0,0,0.19,0.26,0.47,0,0,0.66,0,0
"75","Morocco","Juice, citrus, single strength",0.0683571428571429,36029093,61000,"Import_kg",513,"Fruit juice; nes",149,0.12,0.62,0.34,30.13,0.19,0,0,0,0,0,0.27,0.7,0,0,0,0,0,0,0,0,0,0,0,0,0.15,0,0,0.22,0,0
"76","Morocco","Juice, fruit nes",0.0683571428571429,36029093,1079000,"Import_kg",622,"Fruit juice; nes",149,2.18,10.88,5.94,532.93,3.29,0,0,0.44,0,0,4.73,12.47,0,0.34,0.36,0,0,0,0,0.12,0.33,0,1.1,1.5,2.72,0,0,3.85,0,0
"77","Morocco","Juice, grape",0.0683571428571429,36029093,93000,"Import_kg",562,"Fruit juice; nes",149,0.19,0.94,0.51,45.93,0.28,0,0,0,0,0,0.41,1.07,0,0,0,0,0,0,0,0,0,0,0,0.13,0.23,0,0,0.33,0,0
"78","Morocco","Juice, grapefruit",0.0683571428571429,36029093,12000,"Import_kg",509,"Fruit juice; nes",149,0,0.12,0,5.93,0,0,0,0,0,0,0,0.14,0,0,0,0,0,0,0,0,0,0,0,0,0,0,0,0,0,0
"79","Morocco","Juice, grapefruit, concentrated",0.0683571428571429,36029093,15000,"Import_kg",510,"Fruit juice; nes",149,0,0.15,0,7.41,0,0,0,0,0,0,0,0.17,0,0,0,0,0,0,0,0,0,0,0,0,0,0,0,0,0,0
"80","Morocco","Juice, orange, concentrated",0.0683571428571429,36029093,1229000,"Import_kg",492,"Fruit juice; nes",149,2.49,12.39,6.76,607.01,3.74,0,0,0.51,0,0,5.39,14.2,0,0.39,0.41,0,0,0,0,0.14,0.37,0,1.25,1.7,3.1,0,0,4.39,0,0
"81","Morocco","Juice, orange, single strength",0.0683571428571429,36029093,1029000,"Import_kg",491,"Fruit juice; nes",149,2.08,10.38,5.66,508.23,3.13,0,0,0.42,0,0,4.51,11.89,0,0.32,0.34,0,0,0,0,0.11,0.31,0,1.05,1.43,2.59,0,0,3.68,0,0
"82","Morocco","Juice, pineapple",0.0683571428571429,36029093,34000,"Import_kg",576,"Fruit juice; nes",149,0,0.34,0.19,16.79,0.1,0,0,0,0,0,0.15,0.39,0,0,0,0,0,0,0,0,0,0,0,0,0,0,0,0.12,0,0
"83","Morocco","Juice, pineapple, concentrated",0.0683571428571429,36029093,620000,"Import_kg",580,"Fruit juice; nes",149,1.25,6.25,3.41,306.22,1.89,0,0,0.25,0,0,2.72,7.16,0,0.2,0.21,0,0,0,0,0,0.19,0,0.63,0.86,1.56,0,0,2.21,0,0
"84","Morocco","Kiwi fruit",0.145,36029093,7368000,"Import_kg",592,"Kiwi fruit",144,8.65,148.79,95.2,1938.53,12.8,0,0,4.52,0,0,46.94,352.59,0,0.62,6.27,0,0,0,0,0.9,2.19,0,8.84,8.6,32.63,0,0,11.65,0,3.53
"85","Morocco","Lemons and limes",0.0785,36029093,190000,"Import_kg",497,"Lemons; Limes",114,0.25,5.09,2.8,55.83,0.28,0,0,0.25,0,0,1.41,8.93,0,0,0.13,0,0,0,0,0,0,0,0.23,0,0.46,0,0,0.6,0,0.24
"86","Morocco","Lentils",0.0454634146341463,36029093,33683000,"Import_kg",201,"Lentils",36,675.13,47511.79,2150.16,115399.35,3.53,0,0.56,141.74,19.23,5.95,1714.99,23699.34,2.39,23.59,671,0.81,0.48,4.49,1.25,406.54,157.65,2.46,292,362.94,900.68,0,0,23.63,5.56,0
"87","Morocco","Lettuce and chicory",0.0865961538461538,36029093,298000,"Import_kg",372,"Lettuce and chicory",81,0.17,13.69,2.37,26.66,0.11,0,0,0.51,0,0,2.45,16.92,0,0.24,0.64,0,0,0,0,0.31,0.13,0,0.35,0,0.8,0,0,0.89,0,0.16
"88","Morocco","Linseed",0.0178426203877423,36029093,630000,"Import_kg",333,"Oilcrops; Other",62,51.11,1873.8,3810.84,2667.17,0.23,0,0,33.21,1.68,0.42,70.56,1210.31,0.12,3.24,54.1,0,0,0.31,0,4.29,32.61,0.29,430.74,986.11,2587.48,0,0,0.56,0.43,2.27
"89","Morocco","Maize",0.0869363057324841,36029093,2731200000,"Import_kg",56,"Maize",4,30810.88,753629.04,298460.49,6293147.06,59.79,1.92,2.03,1819.37,283.74,156.47,25688.56,451580.92,15.73,814.89,19086.33,23.25,10.32,224.91,30.9,0,9562.63,21.15,51598.52,112287.28,210644.92,0,0,1086.56,109.45,0
"90","Morocco","Mangoes, mangosteens, guavas",0.09628125,36029093,7749000,"Import_kg",571,"Mangos; mangosteens; guavas",140,13.71,167.82,55.21,3081.82,19.33,0,0,3.95,0.12,0,40.15,595.69,0,2.37,4.28,0,0,0.26,0,1.7,10.16,0,34.13,16.84,37.62,0,0,18.54,0.13,5.92
"91","Morocco","Margarine, short",0.0178426203877423,36029093,103000,"Import_kg",1242,"Oilcrops Oil; Other",75,14.14,2,1456.47,0.87,0,0,0,0,0,0,0,0,0,0,0,0,0,0,0,0,0,0,362.44,590.37,525.95,0,0,0.13,0,0
"92","Morocco","Mat√©",0.0019,36029093,35000,"Import_kg",671,"Tea",154,0.32,191.73,23.01,95.58,1.15,0,0,8.56,0.48,0,11.79,0,0,0.96,5.04,0,0,0,0,0.13,0.96,0,0.64,0.32,1.27,0,0,0.82,0.23,0
"93","Morocco","Melons, other (inc.cantaloupes)",0.179843076923077,36029093,209000,"Import_kg",568,"Other melons (inc. cantaloupes)",111,0,1.75,0.49,20.75,0,0,0,0,0,0,0.82,2.21,0,0,0,0,0,0,0,0,0,0,0.12,0,0.19,0,0,0.3,0,0.15
"94","Morocco","Millet",0.0477,36029093,4970000,"Import_kg",79,"Millet",7,99.28,2679.13,1088.24,20362.85,0,0,0,17.23,2.08,0.66,74.97,1610.4,0.29,3.13,72.75,0,0,0.69,0.28,216.31,38.1,0.32,209.09,223.54,617.13,0,0,3.13,0.68,0
"95","Morocco","Mushrooms and truffles",0.0389236263736264,36029093,1200000,"Import_kg",449,"Mushrooms and truffles",99,2.61,229.24,32.36,432.68,0.25,0,0,0.82,0.15,0,27.62,205.36,0,1.01,8.87,0,0,0.32,0,2.73,1.29,0,3.66,1.39,77.03,0,0,7.76,0,0.26
"96","Morocco","Mushrooms, canned",0.0389236263736264,36029093,2585000,"Import_kg",451,"Mushrooms and truffles",99,5.62,493.82,69.71,932.07,0.55,0,0,1.77,0.31,0.12,59.49,442.39,0,2.18,19.1,0,0,0.69,0,5.88,2.79,0,7.87,3,165.94,0,0,16.71,0.17,0.55
"97","Morocco","Mustard seed",0.0841,36029093,837000,"Import_kg",292,"Rape and Mustardseed",56,14.49,636.44,1053,719.45,0,0,0,10.44,0.24,0.15,20.39,196.13,0,0.36,21.1,0,0,0.12,0,4.61,10.22,0,54.94,622.02,278.66,0,0,0.18,0.12,0
"98","Morocco","Nutmeg, mace and cardamoms",0.021,36029093,251000,"Import_kg",702,"Nutmeg; mace; and cardamoms",160,13.32,292.39,661.37,1676.38,0.25,0,0,5.8,0.53,0,21.36,579.44,0,1.26,4.84,0,0,0,0,25.86,6.75,0.23,399.53,168.75,57.17,0,0,0.42,0.11,0
"99","Morocco","Nuts nes",0.0310679900238414,36029093,16000,"Import_kg",234,"Nuts; nes",51,0.79,20.71,62.39,45.21,0,0,0,0.17,0,0,0.67,5.37,0,0,0.72,0,0,0,0,0,0.29,0,17.22,46.66,29.47,0,0,0,0,0
"100","Morocco","Nuts, prepared (exc. groundnuts)",0.0312383032278305,36029093,1655000,"Import_kg",235,"Prepared nuts (exc. groundnuts)",52,73.36,1868.91,6157.94,3765.68,1.11,0,0,15.41,0.45,0.42,84.02,1156.48,0.16,1.16,47.32,0,0,0.32,0,7.35,24.9,0.37,733.31,3840.36,1265.4,0,0,2.59,0.33,0.73
"101","Morocco","Oats",0.0434605263157895,36029093,701000,"Import_kg",75,"Oats",6,16.36,611.34,276.16,2902.32,0,0,0,2.64,0.24,0.15,18.24,198.1,0,1.08,16.27,0,0,0,0,0,7.92,0.22,53.21,98.22,111.36,0,0,0.47,0,0
"102","Morocco","Oats rolled",0.0434605263157895,36029093,4095000,"Import_kg",76,"Oats",6,95.54,3571.22,1613.25,16954.37,0,0,0,15.4,1.38,0.89,106.57,1157.23,0.16,6.29,95.03,0.14,0,0.33,0,0,46.29,1.29,310.82,573.78,650.53,0,0,2.76,0.52,0
"103","Morocco","Oil, boiled etc",0.0178426203877423,36029093,4894000,"Import_kg",1274,"Oilcrops Oil; Other",75,672,95.04,69203.42,41.33,0,0,0,1.31,0.15,0,1.37,0,0,0.35,1.31,0,0,0,0,3.27,0.29,0,17221.14,28050.99,24990.37,0,0,6.04,0.13,0
"104","Morocco","Oil, coconut (copra)",0.0131048387096774,36029093,436000,"Import_kg",252,"Coconut Oil",70,73.43,96.96,8180,40.63,0,0,0,0.28,0,0,10.27,0,0,0.37,2.38,0,0,0,0,0,0,0,7987.62,535.59,166.22,0,0,1.41,0,0
"105","Morocco","Oil, groundnut",0.014,36029093,2000,"Import_kg",244,"Groundnut Oil",64,0.36,0,39.64,0,0,0,0,0,0,0,0,0,0,0,0,0,0,0,0,0,0,0,6.77,17.35,13.61,0,0,0,0,0
"106","Morocco","Oil, linseed",0.0178426203877423,36029093,247000,"Import_kg",334,"Oilcrops Oil; Other",75,33.92,4.8,3492.69,2.09,0,0,0,0,0,0,0,0,0,0,0,0,0,0,0,0.17,0,0,869.15,1415.73,1261.26,0,0,0.3,0,0
"107","Morocco","Oil, maize",0.014,36029093,12897000,"Import_kg",60,"Maize Germ Oil",74,2285.6,0,253966.16,0,0,0,0,0,0.26,0.19,0,0,0,3.49,0,0,0,0,0,0.51,0,0,37116.27,80594.86,129746.7,0,0,0,0,0
"108","Morocco","Oil, olive, virgin",0.0171111111111111,36029093,5185000,"Import_kg",261,"Olive Oil",72,754.08,0,84087.29,0,0,0,0,0.84,0.38,0,0.84,0,0,0.84,0.51,0,0,0,0,0.25,0,0,12421.62,60712.23,8641.14,0,0,0,0,0
"109","Morocco","Oil, palm",0.012,36029093,44895000,"Import_kg",257,"Palm Oil",69,9311.13,0,1036894.19,0,0,56.37,0,0,8.13,0.21,0,0,0,3.37,0,0,0,0,0,3.12,0,0,511929.69,384206.87,96570.92,0,0,0.42,0,0
"110","Morocco","Oil, palm kernel",0.012,36029093,3631000,"Import_kg",258,"Palmkernel Oil",68,739.89,0,83983.06,0,0,0,0,0,0,0,0,0,0,0,0,0,0,0,0,0.17,0,0,68446.19,9574.07,1343.73,0,0,0,0,0
"111","Morocco","Oil, rapeseed",0.0137773983739837,36029093,4306000,"Import_kg",271,"Rape and Mustard Oil",66,776.63,0,86734.41,0,0,0,0,1.95,0.8,0.12,0,0,0,1.52,0,0,0,0,0,0.17,0,0,7242.49,51314.49,24078.6,0,0,0,0,0
"112","Morocco","Oil, sesame",0.0102083333333333,36029093,21000,"Import_kg",290,"Sesameseed Oil",71,5.1,0,570.4,0.57,0,0,0,0,0,0,0,0,0,0,0,0,0,0,0,0,0,0,81.08,226.67,238.09,0,0,0,0,0
"113","Morocco","Oil, soybean",0.014,36029093,547237000,"Import_kg",237,"Soyabean Oil",63,97005.39,0,10837182.09,904.09,0,0,0,168.76,31.34,35.44,0,0,0,168.76,3.87,0,0,0,0,21.7,0,0,2871185.8,2537730.68,4914088.6,0,0,0.99,0,0
"114","Morocco","Oil, sunflower",0.0244,36029093,69822000,"Import_kg",268,"Sunflowerseed Oil",65,7105.78,0,790707.47,0,0,0,0,5.29,2.73,0.29,0,0,0,7.41,0,0,0,0,0,0,0,0,83328.51,234087.59,453680.38,0,0,0.34,0,0
"115","Morocco","Oil, vegetable origin nes",0.0178426203877423,36029093,1042000,"Import_kg",340,"Oilcrops Oil; Other",75,143.08,20.24,14734.36,8.8,0,0,0,0.28,0,0,0.29,0,0,0,0.28,0,0,0,0,0.7,0,0,3666.62,5972.44,5320.79,0,0,1.29,0,0
"116","Morocco","Oilseeds nes",0.0178426203877423,36029093,414000,"Import_kg",339,"Oilcrops; Other",62,33.58,1231.36,2504.26,1752.71,0.15,0,0,21.82,1.11,0.28,46.37,795.34,0,2.13,35.55,0,0,0.2,0,2.82,21.43,0.19,283.06,648.01,1700.35,0,0,0.37,0.28,1.49
"117","Morocco","Olives",0.014,36029093,5000,"Import_kg",260,"Olives",61,0,0.94,15.67,5.88,0,0,0,0,0,0,0,2.83,0,0.73,0,0,0,0,0,0,0,0,1.15,6.42,0.74,0,0,0,0,0
"118","Morocco","Olives preserved",0.014,36029093,689000,"Import_kg",262,"Olives",61,13.39,130.11,2159.92,810.7,0.11,0,0,10.38,0.37,0,1.16,389.3,0,100.4,2.25,0,0,0,0,1.15,0.55,0,158.72,885.07,102.24,0,0,10.16,0.39,0
"119","Morocco","Onions, shallots, green",0.083270092226614,36029093,209000,"Import_kg",402,"Onions (inc. shallots); green",89,0.27,10.65,1.4,54.68,0.15,0,0,0.32,0,0,1.49,14.07,0,0,0.37,0,0,0,0,0,0.29,0,0.27,0.24,0.64,0,0,0.62,0,0.11
"120","Morocco","Oranges",0.138371428571429,36029093,213000,"Import_kg",490,"Oranges; Mandarines",113,0.19,3.39,0.98,42.72,0.2,0,0,0.13,0,0,0.72,5.75,0,0,0,0,0,0,0,0,0,0,0,0.13,0.14,0,0,0.37,0,0.11
"121","Morocco","Papayas",0.151,36029093,1000,"Import_kg",600,"Papayas",145,0,0,0,0.14,0,0,0,0,0,0,0,0,0,0,0,0,0,0,0,0,0,0,0,0,0,0,0,0,0,0
"122","Morocco","Peaches and nectarines",0.105333333333333,36029093,1196000,"Import_kg",534,"Peaches and nectarines",128,1.52,26.2,5.45,353.24,0.46,0,0,0.32,0,0,6.59,37.19,0,0,0.78,0,0,0,0,0.19,0.28,0,0.53,1.73,2.01,0,0,2.67,0,0.27
"123","Morocco","Pears",0.04975,36029093,43915000,"Import_kg",521,"Pears",123,127.02,1110.67,733.64,30947.03,10.52,0,0,28.35,4.64,0.56,264.6,4818.34,0.2,8.39,32.06,0,0.11,0.5,0,12.5,17.15,0.12,51.45,200.9,225.4,0,0,207.9,0.7,28.18
"124","Morocco","Peas, dry",0.0623254069051863,36029093,9894000,"Import_kg",187,"Cow peas; dry",34,145.84,9546.67,651.95,24801.58,0.42,0,0.18,42.56,3.41,1.85,439.41,4674.13,0.38,11.36,178.9,0.24,0,1.2,0.16,65.36,89.39,0.56,145.84,46.7,238.81,0,0,5.14,1.55,0
"125","Morocco","Peas, green",0.0753287037037037,36029093,8000,"Import_kg",417,"Peas; green",93,0,2.32,0.11,3.31,0,0,0,0,0,0,0,0.96,0,0,0,0,0,0,0,0,0,0,0,0,0,0,0,0,0,0
"126","Morocco","Pepper (piper spp.)",0.002,36029093,8104000,"Import_kg",687,"Pepper",155,3230.55,109696.79,46060.53,627848.07,88.85,0.13,0.15,4039.98,120.62,13.17,7852.85,219531.03,12.57,148.23,1800.14,0.66,1.15,14.05,2.65,127.09,1727.74,78.92,11347.69,8592.3,9075.9,0,0,217.88,37.64,0
"127","Morocco","Peppermint",0.00767204314204314,36029093,409000,"Import_kg",748,"Spices; nes",163,34.89,1468.07,1036.41,5727.36,6.06,0,0,109.18,3.71,0.47,164.53,2482.92,0.11,8.67,29.06,0,0,0.72,0.13,21.56,38.24,0.87,252.57,455.67,286.37,0,0,5.48,0.83,1.49
"128","Morocco","Persimmons",0.142273055555556,36029093,2800000,"Import_kg",587,"Persimmons",142,4.71,38.18,9.83,1187.6,1.2,0,0,1.22,0,0,10.45,96.96,0,0,1.12,0,0,0,0,0.42,0.49,0,1.09,2.02,2.35,0,0,4.21,0,0.93
"129","Morocco","Pineapples",0.1096,36029093,9448000,"Import_kg",574,"Pineapples",120,11.31,109.99,50.83,2644.34,5.32,0,0,8.58,0.14,0,38.39,199.23,0,1.11,2.29,0,0,0,0,39.06,2.83,0.22,4.67,6.34,14.36,0,0,20.84,0,9.81
"130","Morocco","Pineapples canned",0.1096,36029093,484000,"Import_kg",575,"Pineapples",120,0.58,5.63,2.6,135.46,0.27,0,0,0.44,0,0,1.97,10.21,0,0,0.12,0,0,0,0,2,0.15,0,0.24,0.32,0.74,0,0,1.07,0,0.5
"131","Morocco","Pistachios",0.0315019230769231,36029093,371000,"Import_kg",223,"Pistachios",47,19.75,661.22,1705.7,695.51,0,0,0,3.96,0.19,0,32.64,223.37,0,12.38,15.5,0,0,0,0,0,3.96,0,172.53,961.34,388.07,0,0,0.13,0,1.54
"132","Morocco","Plantains and others",0.104,36029093,1402000,"Import_kg",489,"Plantains",118,4.44,48.64,13.72,1061.5,0.44,0,0,0.34,0,0,16.83,57.06,0,0.12,1.21,0,0,0,0,0.51,1.38,0,6.04,1.16,2.41,0,0,2.54,0,1.29
"133","Morocco","Plums and sloes",0.0704444444444444,36029093,101000,"Import_kg",536,"Plums and sloes",129,0.21,2.93,1.17,49.28,0,0,0,0,0,0,0.78,3.32,0,0,0,0,0,0,0,0,0,0,0.13,1.06,0.35,0,0,0.33,0,0
"134","Morocco","Plums dried (prunes)",0.0704444444444444,36029093,1000,"Import_kg",537,"Plums and sloes",129,0,0,0,0.49,0,0,0,0,0,0,0,0,0,0,0,0,0,0,0,0,0,0,0,0,0,0,0,0,0,0
"135","Morocco","Poppy seed",0.0178426203877423,36029093,99000,"Import_kg",296,"Oilcrops; Other",62,8.03,294.45,598.85,419.13,0,0,0,5.22,0.26,0,11.09,190.19,0,0.51,8.5,0,0,0,0,0.67,5.12,0,67.69,154.96,406.6,0,0,0,0,0.36
"136","Morocco","Potatoes",0.133867924528302,36029093,37919000,"Import_kg",116,"Potatoes",18,63.05,1617.43,106.85,14086.64,12.57,0,0,7.21,0.83,0.33,294.05,1059.67,0,8.27,38.06,0,0,1.08,0.19,27.52,19.39,0,23.11,1.1,32.23,0,0,60.04,0.83,17.49
"137","Morocco","Potatoes, frozen",0.133867924528302,36029093,28671000,"Import_kg",118,"Potatoes",18,47.67,1222.96,80.79,10651.07,9.51,0,0,5.45,0.63,0.25,222.33,801.23,0,6.25,28.78,0,0,0.82,0.15,20.81,14.66,0,17.48,0.83,24.37,0,0,45.4,0.63,13.23
"138","Morocco","Quinoa",0.0438703703703704,36029093,84000,"Import_kg",92,"Quinoa",15,1.96,64.4,31.47,321.73,0,0,0,0.46,0,0,2.54,37.2,0,0,1.45,0,0,0,0,0.37,1.05,0,3.75,8.57,17.5,0,0,0,0,0
"139","Morocco","Raisins",0.1235,36029093,6761000,"Import_kg",561,"Grapes",122,9.35,81.57,35.98,2219.35,0.78,0,0,2.27,0,0,27.53,321.26,0,0.49,3.09,0,0,0,0,0.85,4.1,0.1,18.13,2.08,14.18,0,0,12.65,0,2.13
"140","Morocco","Rapeseed",0.0841,36029093,55000,"Import_kg",270,"Rape and Mustardseed",56,0.95,41.82,69.19,47.28,0,0,0,0.69,0,0,1.34,12.89,0,0,1.39,0,0,0,0,0.3,0.67,0,3.61,40.87,18.31,0,0,0,0,0
"141","Morocco","Rice, broken",0.0488821264103023,36029093,160000,"Import_kg",32,"Rice (Milled Equivalent)",2,3.22,67.54,9.69,706.01,0,0,0,0.31,0,0,1.14,15.17,0,0,1.42,0,0,0,0,0,0.53,0,1.14,1.64,1.53,0,0,0.11,0,0
"142","Morocco","Rice, husked",0.0488821264103023,36029093,39000,"Import_kg",28,"Rice (Milled Equivalent)",2,0.78,16.46,2.36,172.09,0,0,0,0,0,0,0.28,3.7,0,0,0.35,0,0,0,0,0,0.13,0,0.28,0.4,0.37,0,0,0,0,0
"143","Morocco","Rice, milled",0.0488821264103023,36029093,36530000,"Import_kg",31,"Rice (Milled Equivalent)",2,734.5,15419.95,2213.1,161190.31,0,0,0,71.65,4.56,2.57,259.86,3464.31,0.31,19.42,324.02,0.37,0.11,6.94,0.46,0,120.99,2.08,260.31,374.39,348.46,0,0,24.37,1.78,0
"144","Morocco","Rice, paddy",0.0488821264103023,36029093,2045000,"Import_kg",27,"Rice (Milled Equivalent)",2,41.12,863.23,123.89,9023.66,0,0,0,4.01,0.26,0.14,14.55,193.94,0,1.09,18.14,0,0,0.39,0,0,6.77,0.12,14.57,20.96,19.51,0,0,1.36,0,0
"145","Morocco","Rice, paddy (rice milled equivalent)",0.0488821264103023,36029093,38054000,"Import_kg",30,"Rice (Milled Equivalent)",2,765.14,16063.26,2305.42,167915.03,0,0,0,74.64,4.75,2.68,270.7,3608.84,0.32,20.23,337.54,0.38,0.12,7.23,0.48,0,126.04,2.17,271.17,390.01,363,0,0,25.38,1.85,0
"146","Morocco","Sesame seed",0.0154423214285714,36029093,8501000,"Import_kg",289,"Sesameseed",59,874.93,29989.91,74038.5,24996.97,0,0,0.18,1239.49,18.16,9.89,739.82,18258.79,3.66,60.14,918.18,1.12,0.5,7.12,0.91,39.12,531.72,1.86,12341.87,33327.26,35975.93,0,0,7.14,7.03,0
"147","Morocco","Sorghum",0.0326666666666667,36029093,491000,"Import_kg",83,"Sorghum",8,14.56,489.73,145,2975.51,0,0,0,1.27,0.25,0,12.98,140.52,0,0.39,14.97,0,0,0.14,0,0,10.58,0,25.45,47.18,65,0,0,0.42,0,0
"148","Morocco","Soya sauce",0.015,36029093,799000,"Import_kg",239,"Beverages; Fermented",166,8.29,85.85,33.55,819.52,0.31,0,0,1.5,0.13,0,4.29,1.85,0,0.53,1.87,0,0,0,0,0.75,1.55,0,0,0,0,0,0,11.93,0,0
"149","Morocco","Soybeans",0.071,36029093,24918000,"Import_kg",236,"Soyabeans",53,393.96,34463.7,16961.05,23177.06,3.2,0,0.26,231.31,8.48,3.88,1461.7,9590.77,1.31,9.48,589.23,0.66,0.26,2.22,0.66,112.9,231.34,2.12,2807.34,4263.62,10318.11,0,0,8.72,4.93,0
"150","Morocco","Spices nes",0.00767204314204314,36029093,8947000,"Import_kg",723,"Spices; nes",163,763.14,32114.45,22671.77,125287.8,132.67,0.7,0.52,2388.32,81.08,10.27,3599.04,54314.73,2.36,189.76,635.7,0.77,1.14,15.68,2.86,471.57,836.49,18.96,5525.05,9967.93,6264.52,0,0,119.78,18.07,32.64
"151","Morocco","Spinach",0.0856063829787234,36029093,4000,"Import_kg",373,"Spinach",82,0,0.33,0,0.37,0,0,0,0,0,0,0,0.26,0,0,0,0,0,0,0,0,0,0,0,0,0,0,0,0,0,0
"152","Morocco","Strawberries",0.127327819548872,36029093,1000,"Import_kg",544,"Strawberries",132,0,0,0,0.16,0,0,0,0,0,0,0,0,0,0,0,0,0,0,0,0,0,0,0,0,0,0,0,0,0,0
"153","Morocco","Sugar confectionery",0.00874294082786034,36029093,5559000,"Import_kg",168,"Sugar (Raw Equivalent)",27,687.96,339.38,88.24,172688.24,0,0,0,73.52,4,0,568.51,0,0,8.61,18.35,0,0,0.11,0,0,1.18,0,0,0,0,0,0,3.72,0.31,0
"154","Morocco","Sugar nes",0.00874294082786034,36029093,2115000,"Import_kg",167,"Sugar (Raw Equivalent)",27,261.74,129.12,33.57,65701.68,0,0,0,27.97,1.52,0,216.3,0,0,3.28,6.98,0,0,0,0,0,0.45,0,0,0,0,0,0,1.42,0.12,0
"155","Morocco","Sugar Raw Centrifugal",0.00874294082786034,36029093,1201308000,"Import_kg",162,"Sugar (Raw Equivalent)",27,148668.78,73339.87,19068.37,37318181.28,0,0,0,15888.35,863.36,11.44,122854.77,0,3.31,1860.23,3966.22,1.53,11.38,22.88,0,0,254.24,9.53,0,0,0,0,0,804.96,66.53,0
"156","Morocco","Sugar refined",0.00874294082786034,36029093,5324000,"Import_kg",164,"Sugar (Raw Equivalent)",27,658.88,325.03,84.51,165388.06,0,0,0,70.41,3.83,0,544.47,0,0,8.24,17.58,0,0,0.1,0,0,1.13,0,0,0,0,0,0,3.57,0.29,0
"157","Morocco","Sunflower seed",0.0295859213250518,36029093,1783000,"Import_kg",267,"Sunflowerseed",55,92.99,3212.66,7296.79,5000.31,0.13,0,0,24.17,0.89,0.46,130.89,1979.34,0.3,2.45,113.46,0.26,0,1.14,0.22,9.22,54.36,0.33,790.76,2302.28,5531.3,0,0,0.86,0.58,7.69
"158","Morocco","Sweet corn frozen",0.101,36029093,48000,"Import_kg",447,"Maize; green",98,0.16,5.07,1.66,33.27,0,0,0,0,0,0,0.33,2.11,0,0,0.21,0,0,0,0,0,0,0,0.32,0.53,0.75,0,0,0,0,0
"159","Morocco","Sweet corn prep or preserved",0.101,36029093,3325000,"Import_kg",448,"Maize; green",98,10.85,351.44,114.79,2304.88,0.76,0,0,1.13,0.11,0,23.12,146.2,0,2.68,14.54,0,0,0.13,0,2.1,3.52,0,22.39,36.91,52.3,0,0,6.23,0,4.29
"160","Morocco","Sweet potatoes",0.10804347826087,36029093,3000,"Import_kg",122,"Sweet Potatoes",19,0,0.1,0,1.95,0,0,0,0,0,0,0,0.17,0,0,0,0,0,0,0,0,0,0,0,0,0,0,0,0,0,0
"161","Morocco","Tangerines, mandarins, clementines, satsumas",0.138371428571429,36029093,21000,"Import_kg",495,"Oranges; Mandarines",113,0,0.33,0,4.21,0,0,0,0,0,0,0,0.57,0,0,0,0,0,0,0,0,0,0,0,0,0,0,0,0,0,0
"162","Morocco","Tea",0.0019,36029093,83353000,"Import_kg",667,"Tea",154,758.73,456610.16,54793.22,227620.17,2739.66,0,3.79,20395.25,1133.89,15.17,28073.15,0,7.59,2276.2,12007.71,6.7,26.62,121.76,0,303.49,2276.2,166.16,1517.47,758.73,3034.94,0,0,1948.2,538.75,0
"163","Morocco","Tea, mate extracts",0.0019,36029093,13000,"Import_kg",672,"Tea",154,0.12,71.21,8.55,35.5,0.43,0,0,3.18,0.18,0,4.38,0,0,0.36,1.87,0,0,0,0,0,0.36,0,0.24,0.12,0.47,0,0,0.3,0,0
"164","Morocco","Tomatoes",0.0714285714285714,36029093,168000,"Import_kg",388,"Tomatoes",76,0.13,6.22,1.64,23.75,0.15,0,0,0,0,0,1.28,7.48,0,0,0.26,0,0,0,0,0,0,0,0.19,0.2,0.53,0,0,0.61,0,0
"165","Morocco","Tomatoes, paste",0.0714285714285714,36029093,10086000,"Import_kg",391,"Tomatoes",76,7.83,373.53,98.75,1426.09,9.03,0,0,5.88,0.4,0,76.84,449.07,0,4.37,15.8,0,0,0.32,0,2.63,5.09,0,11.37,11.95,31.94,0,0,36.84,0.21,2.55
"166","Morocco","Tomatoes, peeled",0.0714285714285714,36029093,444000,"Import_kg",392,"Tomatoes",76,0.34,16.44,4.35,62.78,0.4,0,0,0.26,0,0,3.38,19.77,0,0.19,0.7,0,0,0,0,0.12,0.22,0,0.5,0.53,1.41,0,0,1.62,0,0.11
"167","Morocco","Vanilla",0.003,36029093,3000,"Import_kg",692,"Vanilla",158,0.8,0.17,0.17,35.11,0,0,0,0,0,0,0.41,0,0,0,0,0,0,0,0,0,0,0,0,0,0,0,0,0.15,0,0
"168","Morocco","Vegetables in vinegar",0.075156077445368,36029093,974000,"Import_kg",471,"Vegetables in vinegar",104,1.57,47.76,41.65,269.36,0.14,0,0,1.13,0,0,5.99,83.21,0,27.24,1.37,0,0,0,0,0.39,0.45,0,8.51,35.05,8.23,0,0,3.12,0.11,0
"169","Morocco","Vegetables, dehydrated",0.075156077445368,36029093,452000,"Import_kg",469,"Vegetables; dehydrated",103,5.42,259.29,34.67,1154.37,8.39,0,0,4.46,0.2,0,45.49,313.07,0,2.32,5.99,0,0,0,0,1.13,3.51,0,5.2,2.7,16.33,0,0,0,0.13,0
"170","Morocco","Vegetables, fresh nes",0.075156077445368,36029093,126000,"Import_kg",463,"Vegetables; fresh; nes",101,0.22,14.85,3.11,37.21,0.22,0,0,0.92,0,0,1.81,22,0,0.22,0.37,0,0,0,0,0.1,0.24,0,0.32,0.3,0.61,0,0,0.39,0,0.12
"171","Morocco","Vegetables, fresh or dried products nes",0.075156077445368,36029093,381000,"Import_kg",460,"Vegetables; preserved; nes",105,0.53,24.52,5.66,110.23,0.16,0,0,0.4,0,0,2.91,29.32,0,4.68,0.51,0,0,0,0,0.2,0.24,0,1.05,0.79,2.6,0,0,1.25,0,0
"172","Morocco","Vegetables, frozen",0.075156077445368,36029093,586000,"Import_kg",473,"Vegetables; frozen",106,0.91,54.8,7.78,190.15,0.49,0,0,0.99,0,0,4.59,57.5,0,0.57,0.98,0,0,0,0,0.38,0.49,0,1.34,1.08,3.51,0,0,1.9,0,0
"173","Morocco","Vegetables, homogenized preparations",0.075156077445368,36029093,4000,"Import_kg",476,"Homogenous vegetables prepared",109,0,0.24,0,1.2,0,0,0,0,0,0,0,0.27,0,0,0,0,0,0,0,0,0,0,0,0,0,0,0,0,0,0
"174","Morocco","Vegetables, preserved nes",0.075156077445368,36029093,4147000,"Import_kg",472,"Vegetables; preserved; nes",105,5.73,266.94,61.57,1199.8,1.77,0,0,4.38,0.15,0,31.71,319.17,0,50.91,5.56,0,0,0.12,0,2.15,2.6,0,11.38,8.55,28.35,0,0,13.57,0.21,0
"175","Morocco","Vegetables, preserved, frozen",0.075156077445368,36029093,58000,"Import_kg",475,"Vegetables prepared or preserved; frozen",108,0,5.09,0.73,18.28,0,0,0,0.11,0,0,0.39,5.78,0,0,0,0,0,0,0,0,0,0,0.13,0,0.34,0,0,0.19,0,0
"176","Morocco","Vegetables, temporarily preserved",0.075156077445368,36029093,1193000,"Import_kg",474,"Vegetables in tem. preservatives",107,1.69,78.03,18.28,357.71,0.52,0,0,1.25,0,0,8.42,92.59,0,14.22,1.64,0,0,0,0,0.62,0.75,0,3.27,2.46,8.15,0,0,3.89,0,0
"177","Morocco","Walnuts, shelled",0.0301725284440344,36029093,4000,"Import_kg",232,"Walnuts; with shell",46,0.22,5.77,21.57,5.18,0,0,0,0,0,0,0.19,2.02,0,0,0.16,0,0,0,0,0,0,0,1.87,4.73,15.04,0,0,0,0,0
"178","Morocco","Walnuts, with shell",0.0301725284440344,36029093,10840000,"Import_kg",222,"Walnuts; with shell",46,600.29,15636.35,58446.19,14044.27,2.49,0,0,88.14,2.74,2.76,523.76,5484.37,1.64,3.07,437.82,0.28,0.21,2.19,0.56,35.55,219.71,3.43,5055.26,12821.8,40754.21,0,0,8.38,2.55,65.31
"179","Morocco","Watermelons",0.193615384615385,36029093,58000,"Import_kg",567,"Watermelons",110,0,0.42,0.12,4.35,0,0,0,0,0,0,0,0.24,0,0,0,0,0,0,0,0,0,0,0,0,0,0,0,0,0,0
"180","Morocco","Wheat",0.0442045454545455,36029093,3844806000,"Import_kg",15,"Wheat",1,81310.21,2762025.27,443589.77,16742113.14,80.47,0,9.78,10269.49,949.64,595.24,82588.84,1221531.55,113.46,1791.26,73959.79,80.3,49.49,1112.47,136.15,7531.97,33012.74,649.15,103806.04,68318.86,281724.77,0,0,2692.52,456.61,0
